{"cameraMode":{"drawMode":0,"name":"Shaded","section":"Shading Mode"},"sceneLighting":false,"audioPlay":false,"sceneViewState":{"showFog":true,"showMaterialUpdate":false,"showSkybox":true,"showFlares":true,"showImageEffects":true,"showParticleSystems":true},"in2DMode":false,"pivot":{"x":-39.40634536743164,"y":-0.05476188659667969,"z":-12.961647033691407},"rotation":{"x":0.3329983949661255,"y":-0.5968573689460754,"z":0.2983189523220062,"w":0.6662425398826599},"size":17.918867111206056,"orthographic":true}