{"cameraMode":{"drawMode":0,"name":"Shaded","section":"Shading Mode"},"sceneLighting":true,"audioPlay":false,"sceneViewState":{"showFog":true,"showMaterialUpdate":true,"showSkybox":true,"showFlares":true,"showImageEffects":true,"showParticleSystems":true},"in2DMode":false,"pivot":{"x":9.023443222045899,"y":12.827367782592774,"z":-29.389976501464845},"rotation":{"x":-0.20405647158622743,"y":0.0014684386551380158,"z":-0.0003060849558096379,"w":-0.978958010673523},"size":89.56182098388672,"orthographic":false}