{"cameraMode":{"drawMode":0,"name":"Shaded","section":"Shading Mode"},"sceneLighting":false,"audioPlay":false,"sceneViewState":{"showFog":true,"showMaterialUpdate":true,"showSkybox":true,"showFlares":true,"showImageEffects":true,"showParticleSystems":true},"in2DMode":false,"pivot":{"x":18.31903839111328,"y":0.3778343200683594,"z":-13.900002479553223},"rotation":{"x":-0.10966546088457108,"y":-0.8409445881843567,"z":0.18584531545639039,"w":-0.49623313546180727},"size":9.978405952453614,"orthographic":false}