{"cameraMode":{"drawMode":0,"name":"Shaded","section":"Shading Mode"},"sceneLighting":false,"audioPlay":false,"sceneViewState":{"showFog":true,"showMaterialUpdate":false,"showSkybox":true,"showFlares":true,"showImageEffects":true,"showParticleSystems":true},"in2DMode":false,"pivot":{"x":0.025117337703704835,"y":2.2916669845581056,"z":0.20228368043899537},"rotation":{"x":-0.4215784966945648,"y":0.564191997051239,"z":-0.4108408987522125,"w":-0.5789377093315125},"size":0.7144709229469299,"orthographic":false}