{"cameraMode":{"drawMode":0,"name":"Shaded","section":"Shading Mode"},"sceneLighting":false,"audioPlay":false,"sceneViewState":{"showFog":true,"showMaterialUpdate":false,"showSkybox":true,"showFlares":true,"showImageEffects":true,"showParticleSystems":true},"in2DMode":false,"pivot":{"x":0.024093298241496087,"y":2.093818187713623,"z":1.8425811529159547},"rotation":{"x":-0.13101333379745484,"y":-0.010409296490252018,"z":0.0013756799744442106,"w":-0.9913250207901001},"size":6.030479431152344,"orthographic":false}